﻿--
-- Script was generated by Devart dbForge Studio for MySQL, Version 8.0.40.0
-- Product home page: http://www.devart.com/dbforge/mysql/studio
-- Script date 21/04/2019 17:30:06
-- Server version: 5.7.19
-- Client version: 4.1
--

-- 
-- Disable foreign keys
-- 
/*!40014 SET @OLD_FOREIGN_KEY_CHECKS=@@FOREIGN_KEY_CHECKS, FOREIGN_KEY_CHECKS=0 */;

-- 
-- Set SQL mode
-- 
/*!40101 SET @OLD_SQL_MODE=@@SQL_MODE, SQL_MODE='NO_AUTO_VALUE_ON_ZERO' */;

-- 
-- Set character set the client will use to send SQL statements to the server
--
SET NAMES 'utf8';

DROP DATABASE IF EXISTS gestapp2019;

CREATE DATABASE IF NOT EXISTS gestapp2019
CHARACTER SET utf8
COLLATE utf8_general_ci;

--
-- Set default database
--
USE gestapp2019;

--
-- Create table `rol`
--
CREATE TABLE IF NOT EXISTS rol (
  id_rol int(11) NOT NULL AUTO_INCREMENT,
  nombre varchar(128) NOT NULL,
  siglas varchar(128) NOT NULL,
  descripcion varchar(256) DEFAULT NULL,
  activo tinyint(1) NOT NULL DEFAULT 1,
  PRIMARY KEY (id_rol)
)
ENGINE = INNODB,
AUTO_INCREMENT = 7,
AVG_ROW_LENGTH = 2730,
CHARACTER SET utf8,
COLLATE utf8_spanish_ci,
COMMENT = 'Tabla de Roles BBDD GestApp';

--
-- Create table `departamento`
--
CREATE TABLE IF NOT EXISTS departamento (
  id_departamento int(11) NOT NULL AUTO_INCREMENT,
  nombre varchar(25) DEFAULT NULL,
  descripcion varchar(255) DEFAULT NULL,
  activo tinyint(1) DEFAULT 1,
  PRIMARY KEY (id_departamento)
)
ENGINE = INNODB,
AUTO_INCREMENT = 5,
AVG_ROW_LENGTH = 16384,
CHARACTER SET utf8,
COLLATE utf8_general_ci;

--
-- Create table `usuario`
--
CREATE TABLE IF NOT EXISTS usuario (
  id_usuario int(11) NOT NULL AUTO_INCREMENT,
  nombre varchar(128) NOT NULL,
  apellidos varchar(256) NOT NULL,
  email varchar(128) NOT NULL,
  password varchar(256) NOT NULL,
  telefono int(11) DEFAULT NULL,
  ultimo_acceso date NOT NULL,
  fecha_registro date NOT NULL,
  contador_accesos int(11) NOT NULL,
  contador_accesos_fallidos int(11) NOT NULL,
  rol_id int(11) NOT NULL DEFAULT 6,
  bloqueado tinyint(4) NOT NULL DEFAULT 0,
  activo tinyint(1) NOT NULL DEFAULT 1,
  departamento_id int(11) DEFAULT 1,
  PRIMARY KEY (id_usuario)
)
ENGINE = INNODB,
AUTO_INCREMENT = 10,
AVG_ROW_LENGTH = 1820,
CHARACTER SET utf8,
COLLATE utf8_spanish_ci,
COMMENT = 'Tabla de Usuarios BBDD GestApp';

--
-- Create index `email` on table `usuario`
--
ALTER TABLE usuario
ADD UNIQUE INDEX email (email);

--
-- Create foreign key
--
ALTER TABLE usuario
ADD CONSTRAINT FK_usuario_departamento_id FOREIGN KEY (departamento_id)
REFERENCES departamento (id_departamento) ON DELETE CASCADE ON UPDATE CASCADE;

--
-- Create foreign key
--
ALTER TABLE usuario
ADD CONSTRAINT FK_usuario_rol FOREIGN KEY (rol_id)
REFERENCES rol (id_rol) ON DELETE CASCADE ON UPDATE CASCADE;

--
-- Create table `sesion`
--
CREATE TABLE IF NOT EXISTS sesion (
  id_sesion int(11) NOT NULL AUTO_INCREMENT,
  fecha datetime NOT NULL,
  usuario_id int(11) NOT NULL,
  PRIMARY KEY (id_sesion)
)
ENGINE = INNODB,
AUTO_INCREMENT = 59,
AVG_ROW_LENGTH = 287,
CHARACTER SET utf8,
COLLATE utf8_spanish_ci,
COMMENT = 'Tabla de Sesiones BBDD GestApp';

--
-- Create foreign key
--
ALTER TABLE sesion
ADD CONSTRAINT sesion_ibfk_1 FOREIGN KEY (usuario_id)
REFERENCES usuario (id_usuario) ON DELETE CASCADE ON UPDATE CASCADE;

--
-- Create table `proyecto`
--
CREATE TABLE IF NOT EXISTS proyecto (
  id_proyecto int(11) NOT NULL AUTO_INCREMENT,
  nombre varchar(128) NOT NULL,
  descripcion varchar(256) DEFAULT NULL,
  fecha_creacion datetime NOT NULL,
  fecha_ini date NOT NULL,
  fecha_fin date NOT NULL,
  fecha_update datetime NOT NULL,
  usuario_id int(11) NOT NULL,
  activo tinyint(1) NOT NULL DEFAULT 1,
  PRIMARY KEY (id_proyecto)
)
ENGINE = INNODB,
AUTO_INCREMENT = 19,
AVG_ROW_LENGTH = 910,
CHARACTER SET utf8,
COLLATE utf8_spanish_ci,
COMMENT = 'Tabla de Proyectos BBDD GestApp';

--
-- Create foreign key
--
ALTER TABLE proyecto
ADD CONSTRAINT FK_proyecto_usuario FOREIGN KEY (usuario_id)
REFERENCES usuario (id_usuario) ON DELETE CASCADE ON UPDATE CASCADE;

--
-- Create table `log`
--
CREATE TABLE IF NOT EXISTS log (
  id_log int(11) NOT NULL AUTO_INCREMENT,
  fecha date NOT NULL,
  hora time NOT NULL,
  usuario_id int(11) NOT NULL,
  PRIMARY KEY (id_log)
)
ENGINE = INNODB,
AUTO_INCREMENT = 84,
AVG_ROW_LENGTH = 260,
CHARACTER SET utf8,
COLLATE utf8_spanish_ci,
COMMENT = 'Tabla de Logs BBDD GestApp';

--
-- Create foreign key
--
ALTER TABLE log
ADD CONSTRAINT log_ibfk_1 FOREIGN KEY (usuario_id)
REFERENCES usuario (id_usuario) ON DELETE CASCADE ON UPDATE CASCADE;

--
-- Create table `error`
--
CREATE TABLE IF NOT EXISTS error (
  id_error int(11) NOT NULL AUTO_INCREMENT,
  mensaje varchar(256) DEFAULT NULL,
  pagina varchar(256) DEFAULT NULL,
  linea varchar(256) DEFAULT NULL,
  fecha datetime DEFAULT NULL,
  usuario_id int(11) DEFAULT NULL,
  PRIMARY KEY (id_error)
)
ENGINE = INNODB,
AUTO_INCREMENT = 5,
AVG_ROW_LENGTH = 4096,
CHARACTER SET utf8,
COLLATE utf8_spanish_ci;

--
-- Create foreign key
--
ALTER TABLE error
ADD CONSTRAINT FK_error_usuario FOREIGN KEY (usuario_id)
REFERENCES usuario (id_usuario) ON DELETE CASCADE ON UPDATE CASCADE;

--
-- Create table `prioridad`
--
CREATE TABLE IF NOT EXISTS prioridad (
  id_prioridad int(11) NOT NULL AUTO_INCREMENT,
  nombre varchar(128) NOT NULL DEFAULT '0',
  descripcion varchar(256) NOT NULL DEFAULT '0',
  activo tinyint(1) NOT NULL DEFAULT 1,
  PRIMARY KEY (id_prioridad)
)
ENGINE = INNODB,
AUTO_INCREMENT = 8,
AVG_ROW_LENGTH = 2730,
CHARACTER SET utf8,
COLLATE utf8_spanish_ci,
COMMENT = 'Tabla para las prioridades de las tareas';

--
-- Create index `nombre` on table `prioridad`
--
ALTER TABLE prioridad
ADD UNIQUE INDEX nombre (nombre);

--
-- Create table `estado`
--
CREATE TABLE IF NOT EXISTS estado (
  id_estado int(11) NOT NULL AUTO_INCREMENT,
  nombre varchar(128) NOT NULL,
  descripcion varchar(256) DEFAULT NULL,
  activo tinyint(1) NOT NULL DEFAULT 1,
  PRIMARY KEY (id_estado)
)
ENGINE = INNODB,
AUTO_INCREMENT = 7,
AVG_ROW_LENGTH = 3276,
CHARACTER SET utf8,
COLLATE utf8_spanish_ci,
COMMENT = 'Tabla de Estados BBDD GestApp';

--
-- Create index `nombre` on table `estado`
--
ALTER TABLE estado
ADD UNIQUE INDEX nombre (nombre);

--
-- Create table `categoria`
--
CREATE TABLE IF NOT EXISTS categoria (
  id_categoria int(11) NOT NULL AUTO_INCREMENT,
  nombre varchar(128) NOT NULL,
  descripcion varchar(256) DEFAULT NULL,
  activo tinyint(1) NOT NULL DEFAULT 1,
  PRIMARY KEY (id_categoria)
)
ENGINE = INNODB,
AUTO_INCREMENT = 8,
AVG_ROW_LENGTH = 2730,
CHARACTER SET utf8,
COLLATE utf8_spanish_ci,
COMMENT = 'Tabla de Categorías BBDD GestApp';

--
-- Create index `nombre` on table `categoria`
--
ALTER TABLE categoria
ADD UNIQUE INDEX nombre (nombre);

--
-- Create table `tarea`
--
CREATE TABLE IF NOT EXISTS tarea (
  id_tarea int(11) NOT NULL AUTO_INCREMENT,
  nombre varchar(128) NOT NULL,
  descripcion varchar(256) DEFAULT NULL,
  fecha_creacion datetime NOT NULL,
  fecha_inicio date NOT NULL,
  fecha_final date NOT NULL,
  fecha_update datetime NOT NULL,
  categoria_id int(11) NOT NULL,
  estado_id int(11) NOT NULL,
  proyecto_id int(11) NOT NULL,
  prioridad_id int(11) NOT NULL,
  activo tinyint(1) NOT NULL DEFAULT 1,
  PRIMARY KEY (id_tarea)
)
ENGINE = INNODB,
AUTO_INCREMENT = 24,
AVG_ROW_LENGTH = 1024,
CHARACTER SET utf8,
COLLATE utf8_spanish_ci,
COMMENT = 'Tabla de Tareas BBDD GestApp';

--
-- Create index `FK_tarea_prioridad` on table `tarea`
--
ALTER TABLE tarea
ADD INDEX FK_tarea_prioridad (prioridad_id);

--
-- Create foreign key
--
ALTER TABLE tarea
ADD CONSTRAINT tarea_ibfk_0 FOREIGN KEY (proyecto_id)
REFERENCES proyecto (id_proyecto) ON DELETE CASCADE ON UPDATE CASCADE;

--
-- Create foreign key
--
ALTER TABLE tarea
ADD CONSTRAINT tarea_ibfk_1 FOREIGN KEY (categoria_id)
REFERENCES categoria (id_categoria) ON DELETE CASCADE ON UPDATE CASCADE;

--
-- Create foreign key
--
ALTER TABLE tarea
ADD CONSTRAINT tarea_ibfk_2 FOREIGN KEY (estado_id)
REFERENCES estado (id_estado) ON DELETE CASCADE ON UPDATE CASCADE;

--
-- Create foreign key
--
ALTER TABLE tarea
ADD CONSTRAINT tarea_ibfk_3 FOREIGN KEY (prioridad_id)
REFERENCES prioridad (id_prioridad) ON DELETE CASCADE ON UPDATE CASCADE;

--
-- Create table `empresa`
--
CREATE TABLE IF NOT EXISTS empresa (
  id_empresa int(11) NOT NULL AUTO_INCREMENT,
  nombre varchar(255) NOT NULL,
  direccion varchar(255) NOT NULL,
  cif varchar(255) NOT NULL,
  telefono varchar(9) DEFAULT NULL,
  email varchar(50) DEFAULT NULL,
  activo tinyint(1) DEFAULT 1,
  PRIMARY KEY (id_empresa)
)
ENGINE = INNODB,
AUTO_INCREMENT = 3,
AVG_ROW_LENGTH = 16384,
CHARACTER SET utf8,
COLLATE utf8_general_ci;

--
-- Create index `cif` on table `empresa`
--
ALTER TABLE empresa
ADD UNIQUE INDEX cif (cif);

--
-- Create table `pertenecen`
--
CREATE TABLE IF NOT EXISTS pertenecen (
  id_pertenecen int(11) NOT NULL AUTO_INCREMENT,
  empresa_id int(11) DEFAULT NULL,
  departamento_id int(11) DEFAULT NULL,
  PRIMARY KEY (id_pertenecen)
)
ENGINE = INNODB,
AUTO_INCREMENT = 2,
AVG_ROW_LENGTH = 16384,
CHARACTER SET utf8,
COLLATE utf8_general_ci;

--
-- Create index `UK_pertenecen` on table `pertenecen`
--
ALTER TABLE pertenecen
ADD UNIQUE INDEX UK_pertenecen (empresa_id, departamento_id);

--
-- Create foreign key
--
ALTER TABLE pertenecen
ADD CONSTRAINT FK_pertenecen_departamento_id FOREIGN KEY (departamento_id)
REFERENCES departamento (id_departamento) ON DELETE CASCADE ON UPDATE CASCADE;

--
-- Create foreign key
--
ALTER TABLE pertenecen
ADD CONSTRAINT FK_pertenecen_empresa_id FOREIGN KEY (empresa_id)
REFERENCES empresa (id_empresa) ON DELETE CASCADE ON UPDATE CASCADE;

--
-- Create table `archivo`
--
CREATE TABLE IF NOT EXISTS archivo (
  id_archivo int(11) NOT NULL AUTO_INCREMENT,
  name varchar(255) DEFAULT NULL,
  tempName varchar(255) DEFAULT NULL,
  type varchar(255) DEFAULT NULL,
  size int(11) DEFAULT NULL,
  error int(11) DEFAULT NULL,
  PRIMARY KEY (id_archivo)
)
ENGINE = INNODB,
AUTO_INCREMENT = 3,
AVG_ROW_LENGTH = 2340,
CHARACTER SET utf8,
COLLATE utf8_general_ci;

--
-- Create table `nota`
--
CREATE TABLE IF NOT EXISTS nota (
  id_nota int(11) NOT NULL AUTO_INCREMENT,
  titulo varchar(128) NOT NULL,
  descripcion varchar(256) DEFAULT NULL,
  archivo_id int(11) DEFAULT NULL,
  usuario_id int(11) NOT NULL,
  activo tinyint(1) NOT NULL DEFAULT 1,
  PRIMARY KEY (id_nota)
)
ENGINE = INNODB,
AUTO_INCREMENT = 4,
AVG_ROW_LENGTH = 2048,
CHARACTER SET utf8,
COLLATE utf8_spanish_ci;

--
-- Create foreign key
--
ALTER TABLE nota
ADD CONSTRAINT FK_nota_archivo_id FOREIGN KEY (archivo_id)
REFERENCES archivo (id_archivo) ON DELETE CASCADE ON UPDATE CASCADE;

--
-- Create foreign key
--
ALTER TABLE nota
ADD CONSTRAINT FK_nota_usuario FOREIGN KEY (usuario_id)
REFERENCES usuario (id_usuario) ON DELETE CASCADE ON UPDATE CASCADE;

--
-- Create table `formulario`
--
CREATE TABLE IF NOT EXISTS formulario (
  id_formulario int(11) NOT NULL AUTO_INCREMENT,
  nombre varchar(50) NOT NULL,
  apellidos varchar(100) NOT NULL,
  email varchar(100) NOT NULL,
  tema varchar(100) NOT NULL,
  mensaje varchar(256) NOT NULL,
  PRIMARY KEY (id_formulario)
)
ENGINE = INNODB,
AUTO_INCREMENT = 5,
AVG_ROW_LENGTH = 4096,
CHARACTER SET utf8,
COLLATE utf8_spanish_ci;

-- 
-- Dumping data for table rol
--
INSERT INTO rol VALUES
(1, 'Project Manager', 'PM', 'Encargado de coordinar al equipo y gestionar para cumplir los objetivos de gestión del proyecto ', 1),
(2, 'Functional Manager', 'FM', 'Aprobar y vigilar la utilización de sus recursos contra sus objetivos de negocio', 1),
(3, 'Requester', 'RQ', 'Persona encargada de proponer proyectos internos, gestiona sus solicitudes de forma similar al Project Manager', 1),
(4, 'Resource Manager', 'RM', 'Gestionar el plan de capacidad para asegurar que hay recursos disponibles para atender las previsiones de los proyectos.', 0),
(5, 'Stakeholder', 'SH', 'Categoría futurible', 0),
(6, 'User', 'US', 'Rol para usar la aplicación', 1);

-- 
-- Dumping data for table departamento
--
INSERT INTO departamento VALUES
(1, 'sin departamento', 'estado sin departamento, por asignar', 1),
(2, 'administracion', 'administracion', 1),
(3, 'contabilidad', NULL, 1),
(4, 'informatica', NULL, 1);

-- 
-- Dumping data for table usuario
--
INSERT INTO usuario VALUES
(1, 'pruebas', 'prueba', 'prueba@prueba.com', '', 789789789, '2018-06-17', '2018-06-02', 0, 0, 3, 0, 1, 1),
(2, 'Jose María', 'Cagigas Céspedes', 'chemacagigas@gmail.com', 'EScJjCa1FQYYNBqVd5t2G1UFpPStaxpO07m20OR5ibxTm8rvuo06g1kyYKCTdYIS13b05b30069fa4474555880dc92e8621a0d148cb5d85bf640b78d157d92a50c4', 942622390, '2018-06-17', '2018-06-02', 25, 0, 1, 0, 1, 1),
(3, 'Chema', 'Cagigas Céspedes', 'cccfacebuk@gmail.com', 'EScJjCa1FQYYNBqVd5t2G1UFpPStaxpO07m20OR5ibxTm8rvuo06g1kyYKCTdYIS13b05b30069fa4474555880dc92e8621a0d148cb5d85bf640b78d157d92a50c4', NULL, '2018-06-15', '2018-06-02', 2, 0, 2, 0, 1, 1),
(4, 'Chema', 'adistancia', 'jmcagigascespedes@adistancia.educantabria.es', 'EScJjCa1FQYYNBqVd5t2G1UFpPStaxpO07m20OR5ibxTm8rvuo06g1kyYKCTdYIS13b05b30069fa4474555880dc92e8621a0d148cb5d85bf640b78d157d92a50c4', 609116315, '2018-06-17', '2018-06-02', 0, 0, 4, 1, 1, 1),
(5, 'Jose María', 'Cag Césp', 'curso06java@gmail.com', 'EScJjCa1FQYYNBqVd5t2G1UFpPStaxpO07m20OR5ibxTm8rvuo06g1kyYKCTdYIS13b05b30069fa4474555880dc92e8621a0d148cb5d85bf640b78d157d92a50c4', 666999933, '2018-06-13', '2018-06-02', 2, 0, 3, 0, 1, 1),
(6, 'asdfasdf', 'asdfasdf', 'jose.maria.cagigas@gmail.com', 'EScJjCa1FQYYNBqVd5t2G1UFpPStaxpO07m20OR5ibxTm8rvuo06g1kyYKCTdYIS13b05b30069fa4474555880dc92e8621a0d148cb5d85bf640b78d157d92a50c4', 693693693, '2018-06-17', '2018-06-02', 0, 0, 6, 0, 1, 1),
(7, 'Mitos', 'estudiantes', 'chemaca@gmail.com', 'EScJjCa1FQYYNBqVd5t2G1UFpPStaxpO07m20OR5ibxTm8rvuo06g1kyYKCTdYIS13b05b30069fa4474555880dc92e8621a0d148cb5d85bf640b78d157d92a50c4', 10000909, '2018-06-17', '2018-06-02', 2, 3, 6, 1, 1, 1),
(8, 'estudiante', 'estudiante', 'estudiante@asdf.com', 'EScJjCa1FQYYNBqVd5t2G1UFpPStaxpO07m20OR5ibxTm8rvuo06g1kyYKCTdYIS13b05b30069fa4474555880dc92e8621a0d148cb5d85bf640b78d157d92a50c4', 609116315, '2018-06-16', '2018-06-02', 36, 0, 6, 0, 1, 1),
(9, 'manuel', 'carrete', 'esto@toca.com', 'EScJjCa1FQYYNBqVd5t2G1UFpPStaxpO07m20OR5ibxTm8rvuo06g1kyYKCTdYIS13b05b30069fa4474555880dc92e8621a0d148cb5d85bf640b78d157d92a50c4', 2147483647, '2018-06-16', '2018-06-16', 1, 0, 6, 0, 1, 1);

-- 
-- Dumping data for table proyecto
--
INSERT INTO proyecto VALUES
(1, 'talleres', 'recoger el coche del taller', '0000-00-00 00:00:00', '2018-06-08', '2018-06-18', '0000-00-00 00:00:00', 3, 1),
(2, 'prueba', 'prueba', '2018-06-08 18:53:07', '2018-06-08', '2018-06-21', '2018-06-16 12:51:23', 8, 1),
(3, 'taller', 'recoger el coche del taller', '0000-00-00 00:00:00', '0000-00-00', '0000-00-00', '0000-00-00 00:00:00', 6, 1),
(4, 'pruebaxx', 'prueba', '2018-06-08 18:54:33', '2018-06-08', '2018-06-28', '2018-06-16 13:02:29', 8, 1),
(5, 'taller', 'recoger el coche del taller', '0000-00-00 00:00:00', '2018-06-11', '2018-06-18', '2018-06-15 16:18:43', 8, 1),
(6, 'taller', 'recoger el coche del taller', '0000-00-00 00:00:00', '0000-00-00', '0000-00-00', '0000-00-00 00:00:00', 8, 0),
(7, 'Test', 'test', '0000-00-00 00:00:00', '2018-08-20', '2018-08-30', '2018-06-16 15:06:10', 8, 1),
(8, 'prueba proyecto', 'prueba proyecto', '2018-06-09 11:57:08', '2018-06-09', '2018-06-09', '2018-06-09 11:57:08', 8, 0),
(9, 'prueba proyecto10 fantástica', 'haciendo ultima prueba para cración de pryeto', '2018-06-09 11:58:55', '2018-06-09', '2018-06-09', '2018-06-15 16:17:57', 8, 0),
(10, 'prueba final completa', 'prueba final completa', '2018-06-09 12:02:24', '2018-06-09', '2018-06-09', '2018-06-09 12:02:24', 8, 1),
(11, 'Proyecto prueba', 'semana x', '2018-06-13 16:09:52', '2018-06-13', '2018-06-13', '2018-06-13 16:10:05', 8, 1),
(12, 'Test', 'Sábado 16', '2018-06-16 13:03:31', '2018-06-16', '2018-06-16', '2018-06-16 13:03:31', 8, 1),
(13, 'test01', 'test01', '2018-06-16 15:07:03', '2018-06-16', '2018-06-16', '2018-06-16 15:07:03', 8, 1),
(14, 'sadf', 'sadf', '2018-06-16 15:14:22', '2018-06-16', '2018-06-16', '2018-06-16 15:14:22', 8, 1),
(15, 'pescado', 'muerto', '2018-06-16 15:16:43', '2018-06-16', '2018-06-16', '2018-06-16 15:16:43', 8, 1),
(16, 'test02', 'test02', '2018-06-16 15:17:59', '2018-06-16', '2018-06-16', '2018-06-16 15:17:59', 8, 1),
(17, 'test final ', 'test creación', '2018-06-16 15:19:45', '2018-06-20', '2018-06-30', '2018-06-16 15:19:45', 8, 1),
(18, 'test final', 'test final', '2018-06-16 15:53:55', '2018-10-20', '2018-10-25', '2018-06-16 15:53:55', 8, 1);

-- 
-- Dumping data for table prioridad
--
INSERT INTO prioridad VALUES
(1, 'baja', 'importancia más baja', 1),
(2, 'medio baja', 'importancia algo superior a la baja', 1),
(3, 'media', 'importancia media', 1),
(4, 'superior media', 'importancia más baja que la superior', 1),
(5, 'superior', 'importancia superlativa', 1),
(6, 'urgente', 'la más importante de todas', 1),
(7, 'prueba2019', 'prueba2019', 0);

-- 
-- Dumping data for table estado
--
INSERT INTO estado VALUES
(1, 'activa', 'en proceso de realización', 1),
(2, 'pendiente', 'tarea sin acabar', 1),
(3, 'retrasada', 'tarea retrasada para otro momento', 1),
(4, 'eliminada', 'eliminada en cualquier momento', 1),
(5, 'nueva', 'nueva', 0),
(6, 'prueba2019', 'prueba2019', 0);

-- 
-- Dumping data for table categoria
--
INSERT INTO categoria VALUES
(1, 'familiar', 'datos familiares', 1),
(2, 'trabajo', 'tema relacionado con el trabajo', 1),
(3, 'personal', 'temas propios', 1),
(4, 'amistad', 'relacionado con algún amigo', 1),
(5, 'casa', 'tareas del hogar', 1),
(6, 'La tenemos de prueba', 'categoria de prueba', 1),
(7, 'prueba2019', 'prueba2019', 1);

-- 
-- Dumping data for table empresa
--
INSERT INTO empresa VALUES
(1, 'sin empresa', 'sin direccion', 'B00000000', '000000000', 'prueba1@gmail.com', 1),
(2, 'asdf', 'asdf', 'sadf', 'asdf', 'asdf@fsda.com', 1);

-- 
-- Dumping data for table archivo
--
INSERT INTO archivo VALUES
(1, 'Pagina web 020318.docx', 'C:\\xampp\\tmp\\php1617.tmp', 'application/vnd.openxmlformats-officedocument.wordprocessingml.document', 23274, 0),
(2, 'atlassian-git-cheatsheet.pdf', 'C:\\xampp\\tmp\\phpDC19.tmp', 'application/pdf', 104846, 0);

-- 
-- Dumping data for table tarea
--
INSERT INTO tarea VALUES
(1, 'Prueba', 'prueba', '2018-06-09 08:24:49', '2018-06-09', '2018-06-09', '2018-06-15 15:31:06', 1, 2, 4, 4, 1),
(2, 'pisco', 'labis', '2018-06-09 08:27:13', '2018-06-09', '2018-06-09', '2018-06-09 08:27:15', 1, 2, 3, 3, 1),
(3, 'Taller', 'Recoger el miércoles el coche del taller', '2018-04-02 21:01:46', '0000-00-00', '0000-00-00', '0000-00-00 00:00:00', 3, 2, 1, 2, 1),
(4, 'coca', 'cola', '2018-06-09 08:27:53', '2018-06-09', '2018-06-09', '2018-06-09 08:27:53', 3, 1, 3, 1, 1),
(11, 'cachon', 'deos', '2018-06-09 08:28:53', '2018-06-10', '2018-06-12', '2018-06-16 15:05:21', 3, 1, 4, 4, 1),
(12, 'cosa', 'linda', '2018-06-09 08:29:25', '2018-06-09', '2018-06-09', '2018-06-09 08:29:26', 3, 1, 1, 2, 1),
(13, 'Prueba final', 'chore', '2018-06-09 08:29:52', '2012-12-12', '2033-12-14', '2018-06-16 15:05:02', 2, 1, 2, 4, 1),
(15, 'avisos', 'prueba para avisos', '2018-06-09 15:54:03', '2018-06-09', '2018-06-09', '2018-06-09 15:54:04', 3, 3, 10, 3, 1),
(16, 'sadf', 'sadf', '2018-06-09 17:24:11', '1212-12-12', '1213-12-12', '2018-06-09 17:24:11', 1, 1, 1, 1, 1),
(17, 'Prueba de fuego para craeción de tareas', 'creacion de tareas', '2018-06-09 17:30:23', '2018-01-31', '2019-12-01', '2018-06-09 17:30:23', 1, 4, 1, 1, 1),
(18, 'semanal', 'semanal de prueba', '2018-06-13 16:11:26', '2016-10-10', '2018-12-02', '2018-06-13 16:11:26', 1, 1, 1, 1, 1),
(19, 'Test', 'Test', '2018-06-16 13:05:44', '2018-08-18', '2018-08-25', '2018-06-16 13:05:44', 1, 1, 1, 1, 1),
(20, 'test', 'test1', '2018-06-16 15:08:06', '2012-12-15', '2015-10-10', '2018-06-16 15:08:06', 1, 1, 1, 1, 1),
(21, 'gsdf', 'sdfg', '2018-06-16 15:09:24', '2010-10-10', '2222-10-10', '2018-06-16 15:09:24', 1, 1, 1, 1, 1),
(22, 'ghjk', 'ghjk', '2018-06-16 15:10:08', '2018-05-30', '2018-06-16', '2018-06-16 15:10:08', 1, 1, 1, 1, 1),
(23, 'test', 'tes', '2018-06-16 16:16:35', '1212-12-12', '1212-12-13', '2018-06-16 16:16:35', 2, 1, 4, 1, 1);

-- 
-- Dumping data for table sesion
--
INSERT INTO sesion VALUES
(1, '0000-00-00 00:00:00', 2),
(2, '2018-06-03 10:12:37', 8),
(3, '2018-06-03 10:12:55', 8),
(4, '2018-06-03 10:13:46', 8),
(5, '2018-06-05 16:55:42', 8),
(6, '2018-06-06 15:04:59', 8),
(7, '2018-06-06 15:16:20', 8),
(8, '2018-06-06 15:19:14', 8),
(9, '2018-06-06 15:20:02', 8),
(10, '2018-06-07 16:43:13', 8),
(11, '2018-06-08 13:08:41', 8),
(12, '2018-06-08 17:06:39', 2),
(13, '2018-06-08 17:07:55', 2),
(14, '2018-06-08 17:12:03', 2),
(15, '2018-06-08 17:15:19', 8),
(16, '2018-06-09 06:32:42', 8),
(17, '2018-06-09 06:37:19', 8),
(18, '2018-06-09 06:38:05', 8),
(19, '2018-06-09 13:44:05', 8),
(20, '2018-06-09 14:24:28', 8),
(21, '2018-06-09 14:29:32', 8),
(22, '2018-06-10 05:53:01', 8),
(23, '2018-06-10 13:59:22', 2),
(24, '2018-06-10 14:01:57', 2),
(25, '2018-06-11 19:07:52', 2),
(26, '2018-06-12 04:58:08', 2),
(27, '2018-06-12 12:41:52', 3),
(28, '2018-06-12 12:46:12', 5),
(29, '2018-06-12 14:24:50', 2),
(30, '2018-06-13 09:52:29', 8),
(31, '2018-06-13 09:53:54', 2),
(32, '2018-06-13 12:24:43', 2),
(33, '2018-06-13 13:57:54', 2),
(34, '2018-06-13 14:08:52', 8),
(35, '2018-06-13 16:05:09', 2),
(36, '2018-06-13 16:14:04', 2),
(37, '2018-06-13 16:17:16', 5),
(38, '2018-06-13 16:18:55', 8),
(39, '2018-06-14 17:48:08', 8),
(40, '2018-06-14 17:52:50', 2),
(41, '2018-06-14 17:59:46', 2),
(42, '2018-06-15 13:15:55', 8),
(43, '2018-06-15 13:33:30', 8),
(44, '2018-06-15 13:36:28', 8),
(45, '2018-06-15 14:04:03', 8),
(46, '2018-06-15 14:24:38', 8),
(47, '2018-06-15 14:35:58', 3),
(48, '2018-06-15 15:58:01', 2),
(49, '2018-06-15 16:11:59', 2),
(50, '2018-06-16 07:55:45', 2),
(51, '2018-06-16 09:44:33', 2),
(52, '2018-06-16 09:57:23', 2),
(53, '2018-06-16 10:01:23', 8),
(54, '2018-06-16 10:48:12', 8),
(55, '2018-06-16 11:01:05', 8),
(56, '2018-06-16 13:52:46', 8),
(57, '2018-06-16 14:49:36', 9),
(58, '2018-06-17 07:14:06', 2);

-- 
-- Dumping data for table pertenecen
--
INSERT INTO pertenecen VALUES
(1, 1, 1);

-- 
-- Dumping data for table nota
--
INSERT INTO nota VALUES
(1, 'nota1', 'nota1', 1, 1, 0),
(2, 'nota2', 'nota2', NULL, 1, 0),
(3, 'nota3', 'nota3', 2, 1, 0);

-- 
-- Dumping data for table log
--
INSERT INTO log VALUES
(1, '2018-05-07', '19:44:15', 2),
(11, '2018-06-02', '17:04:03', 8),
(13, '2018-06-02', '17:07:07', 2),
(15, '2018-06-02', '17:10:07', 2),
(16, '2018-06-02', '17:10:35', 2),
(24, '2018-06-03', '12:04:16', 8),
(26, '2018-06-03', '10:11:57', 8),
(27, '2018-06-03', '10:12:37', 8),
(28, '2018-06-03', '10:12:55', 8),
(29, '2018-06-03', '10:13:46', 8),
(30, '2018-06-05', '16:55:42', 8),
(31, '2018-06-06', '15:04:59', 8),
(32, '2018-06-06', '15:16:20', 8),
(33, '2018-06-06', '15:19:14', 8),
(34, '2018-06-06', '15:20:02', 8),
(35, '2018-06-07', '16:43:13', 8),
(36, '2018-06-08', '13:08:41', 8),
(37, '2018-06-08', '17:06:39', 2),
(38, '2018-06-08', '17:07:55', 2),
(39, '2018-06-08', '17:12:03', 2),
(40, '2018-06-08', '17:15:19', 8),
(41, '2018-06-09', '06:32:42', 8),
(42, '2018-06-09', '06:37:19', 8),
(43, '2018-06-09', '06:38:05', 8),
(44, '2018-06-09', '13:44:05', 8),
(45, '2018-06-09', '14:24:28', 8),
(46, '2018-06-09', '14:29:32', 8),
(47, '2018-06-10', '05:53:01', 8),
(48, '2018-06-10', '13:59:21', 2),
(49, '2018-06-10', '14:01:57', 2),
(50, '2018-06-11', '19:07:52', 2),
(51, '2018-06-12', '04:58:08', 2),
(52, '2018-06-12', '12:41:52', 3),
(53, '2018-06-12', '12:46:12', 5),
(54, '2018-06-12', '14:24:50', 2),
(55, '2018-06-13', '09:52:29', 8),
(56, '2018-06-13', '09:53:54', 2),
(57, '2018-06-13', '12:24:43', 2),
(58, '2018-06-13', '13:57:54', 2),
(59, '2018-06-13', '14:08:52', 8),
(60, '2018-06-13', '16:05:09', 2),
(61, '2018-06-13', '16:14:04', 2),
(62, '2018-06-13', '16:17:16', 5),
(63, '2018-06-13', '16:18:55', 8),
(64, '2018-06-14', '17:48:08', 8),
(65, '2018-06-14', '17:52:50', 2),
(66, '2018-06-14', '17:59:46', 2),
(67, '2018-06-15', '13:15:55', 8),
(68, '2018-06-15', '13:33:30', 8),
(69, '2018-06-15', '13:36:28', 8),
(70, '2018-06-15', '14:04:03', 8),
(71, '2018-06-15', '14:24:38', 8),
(72, '2018-06-15', '14:35:58', 3),
(73, '2018-06-15', '15:58:01', 2),
(74, '2018-06-15', '16:11:59', 2),
(75, '2018-06-16', '07:55:45', 2),
(76, '2018-06-16', '09:44:33', 2),
(77, '2018-06-16', '09:57:23', 2),
(78, '2018-06-16', '10:01:23', 8),
(79, '2018-06-16', '10:48:12', 8),
(80, '2018-06-16', '11:01:05', 8),
(81, '2018-06-16', '13:52:46', 8),
(82, '2018-06-16', '14:49:36', 9),
(83, '2018-06-17', '07:14:06', 2);

-- 
-- Dumping data for table formulario
--
INSERT INTO formulario VALUES
(1, 'dfh', 'dfhg', 'dfgh@sdf.com', 'improvements', 'sdg'),
(2, 'bn,m', 'bnm,', 'bnm@df.com', 'improvements', 'dffsdgfs'),
(3, 'test', 'testeando', 'test@sad.test', 'problems', 'afas fjalsjf ñfjañfdjgsjg m'),
(4, 'jose maria', 'cagigas cespedes', 'chemacagigas@gmail.com', 'improvements', 'mejorando el equipo');

-- 
-- Dumping data for table error
--
INSERT INTO error VALUES
(1, 'error base de datos', 'index', '456', '2018-06-13 17:29:38', 8),
(2, 'error conexión', 'index', '401', '2018-06-13 17:40:26', 3),
(3, 'error base de datos', 'index', '444', '2018-06-13 17:40:54', 5),
(4, 'error base de datos', 'login', '234', '2018-06-13 17:41:20', 3);

-- 
-- Restore previous SQL mode
-- 
/*!40101 SET SQL_MODE=@OLD_SQL_MODE */;

-- 
-- Enable foreign keys
-- 
/*!40014 SET FOREIGN_KEY_CHECKS = @OLD_FOREIGN_KEY_CHECKS */;